Country Name,Country Code,Access to electricity (% of population),"Compulsory education, duration (years)","Employment to population ratio, 15+, total (%) (modeled ILO estimate)","GDP per capita, PPP (current international $)",Individuals using the Internet (% of population),"Industry (including construction), value added per worker (constant 2015 US$)","Inflation, GDP deflator (annual %)",Land area (sq. km),Merchandise exports by the reporting economy (current US$),Military expenditure (% of GDP),Net migration,Population ages 15-64 (% of total population),Proportion of seats held by women in national parliaments (%),Renewable energy consumption (% of total final energy consumption),Urban population (% of total population),"Vulnerable employment, total (% of total employment) (modeled ILO estimate)",happiness_score,social_support,healthy_life_expectancy_at_birth,freedom_to_make_life_choices,generosity,perceptions_of_corruption,positive_affect,negative_affect
Afghanistan,AFG,43.2,9.0,43.213,1744.0606232155817,5.0,3056.469399698439,16.5933467401627,652230.0,375850943.0,1.82134545354632,384486.0,49.6380620251503,27.710843373494,12.6,22.8205691572485,89.0042626266029,3832.0,521.0,51.4,496.0,164.0,731.0,0.48,267.0
Angola,AGO,34.6,6.0,64.35,7537.596564033449,4.7,52385.37037660194,29.644879139468657,1246700.0,66293679418.0,3.25566035129376,128800.0,52.1221809832928,38.1818181818182,51.7,60.8431610396073,74.3450021759171,5589.0,723.0,51.22,584.0,53.0,911.0,667.0,361.0
Albania,ALB,99.7,8.0,51.857,9755.82312926131,47.0,12477.441349949037,1.6947918019878898,27400.0,1947125749.0,1.52826633776627,-18630.0,67.8454159774467,15.7142857142857,35.8,53.2917382892465,59.1932153701183,5867.0,759.0,67.88,487.0,-206.0,877.0,566.0,257.0
United Arab Emirates,ARE,100.0,6.0,74.881,89665.40189219857,78.0,98305.57624004516,12.303872601643874,71020.0,220119027569.0,5.46631452753061,215183.0,81.7491567206735,17.5,0.1,83.5695007795347,0.483067009435662,7119.0,881.0,65.16,889.0,65.0,,702.0,216.0
Argentina,ARG,99.0,13.0,56.297,19104.990940522788,51.0,36498.18535542293,23.70347218395932,2736690.0,80531006597.0,0.764287095310235,-1117.0,63.9901889403356,37.3540856031128,8.8,91.1072286738406,18.62111888393148,6776.0,889.0,66.42,816.0,-178.0,755.0,769.0,232.0
Armenia,ARM,99.5,11.0,50.142,7624.2677262690495,32.0,12798.343121032827,4.281549998261184,28470.0,1310706665.0,3.85394644115574,-17296.0,69.9991499247162,8.3969465648855,8.0,64.3207449145194,47.279579716765696,4.26,705.0,65.04,465.0,-227.0,875.0,411.0,459.0
Australia,AUS,100.0,11.0,62.184,42152.816179830974,79.4877,114227.28784810237,6.198903484637924,7682300.0,268275290523.0,1.75526613878209,197657.0,67.2186509873875,24.6666666666667,8.3,86.3268946146423,10.62248169567526,7406.0,967.0,70.28,945.0,366.0,382.0,724.0,195.0
Austria,AUT,100.0,10.0,57.131,44171.5618687028,78.74,89319.28640398773,1.819937438041677,82520.0,177269826284.0,0.7959319589806221,31887.0,67.6180439804748,27.8688524590164,31.6,67.1484255415056,10.69414270063398,7471.0,944.0,70.0,939.0,128.0,703.0,672.0,145.0
Azerbaijan,AZE,99.9,9.0,57.873,14804.574450791106,50.0,40436.88741915305,24.60694968845189,82658.0,26570165600.0,4.67013555547022,1686.0,72.0939429460413,16.0,3.5,53.5085461893249,57.5386634407561,4.68,725.0,61.98,537.0,-108.0,795.0,522.0,258.0
Burundi,BDI,6.2,,77.307,628.6654482961784,1.11,2876.7869074951686,8.372378815874399,25680.0,110968965.0,,-19513.0,52.3536120374012,30.4761904761905,92.1,11.5616652230006,86.9381200861101,3706.0,422.0,51.52,0.49,-59.0,677.0,572.0,0.19
Belgium,BEL,100.0,12.0,49.491,41244.84950352129,81.61,84746.06491731782,2.2925217232824195,30333.0,469296279516.0,1.04450113453523,52464.0,65.771386607117,38.0,6.7,85.2349607044689,11.19614642457766,7111.0,937.0,69.36,0.88,-18.0,711.0,752.0,225.0
Benin,BEN,36.9,6.0,69.977,2264.8418692638443,4.14832,1955.292782797539,3.7330830404265214,112760.0,361130204.0,,4283.0,53.1738379185632,8.43373493975904,48.7,43.4616136137276,83.7602116727129,3.87,477.0,53.26,773.0,-142.0,849.0,574.0,219.0
Burkina Faso,BFA,14.8,10.0,76.538,1531.3433824398164,3.0,2710.611850395096,6.738004807325964,273600.0,2426984366.0,1.15090587793045,-33391.0,51.6697037338101,15.3153153153153,81.4,24.4682976845657,80.77176575514261,4785.0,0.71,51.64,725.0,-103.0,707.0,578.0,205.0
Bangladesh,BGD,59.6,5.0,55.941,3051.269832718111,4.5,3218.068379005129,7.859450852724919,130170.0,19741113511.0,1.21766894947597,-848910.0,62.0740346987153,19.7142857142857,38.4,28.1100162712427,61.2768062357384,4986.0,606.0,61.72,838.0,-83.0,757.0,501.0,235.0
Bulgaria,BGR,94.1,10.0,46.633,14953.963286605527,47.98,12320.17423648515,6.1128305599730055,108560.0,27458584320.0,1.31400025609446,-23360.0,67.9655488971921,20.8333333333333,13.2,72.6101653885532,7.4271539999785,3875.0,0.86,65.34,664.0,-234.0,948.0,0.49,271.0
Bahrain,BHR,100.0,9.0,70.327,52677.45111906679,77.0,47429.426341611696,9.485963250689394,767.0,7036658326.0,3.59149722735675,-26107.0,77.3876548816303,10.0,0.0,100.0,0.974212882459581,4824.0,908.0,65.24,0.87,-59.0,583.0,506.0,514.0
Bosnia and Herzegovina,BIH,99.7,9.0,36.868,9269.666925217243,43.8877,10197.514075648114,2.4325274390114373,51200.0,5683919680.0,1.13643026444417,-64875.0,69.1344333839552,21.4285714285714,14.2,46.0528777644843,21.99848831788516,4995.0,725.0,67.0,333.0,-35.0,925.0,551.0,326.0
Belarus,BLR,95.0,9.0,59.486,16563.20140782093,39.6489,12140.555818416204,70.76129097803005,202910.0,41095019700.0,1.22449510976582,5686.0,71.2520882300624,31.8181818181818,7.5,75.0597534179688,8.07892620341935,5225.0,0.91,62.86,656.0,-171.0,672.0,493.0,249.0
Belize,BLZ,91.7,8.0,56.925,9721.88084559988,30.7,16119.322766556788,4.858451615275712,22810.0,376135867.0,0.842255994312455,1582.0,61.2875727929899,0.0,42.2,44.9417819131729,29.27296652685252,,,,,,,,
Bolivia,BOL,88.3,14.0,66.708,6597.962176048674,30.0,7539.161946929535,14.602354240066616,1083300.0,9141493419.0,1.68412265690433,-12106.0,60.4436748962139,25.3846153846154,18.1,66.833715633176,65.3774636104482,5779.0,817.0,61.9,782.0,-41.0,825.0,689.0,361.0
Brazil,BRA,99.3,8.0,59.954,15211.792039004698,45.69,17473.28118821252,8.318592219748908,8358140.0,249657590766.0,1.41185115924524,-235860.0,68.8890267559546,8.57699805068226,45.2,84.6225758599683,25.53049829410983,7038.0,916.0,64.06,834.0,-75.0,662.0,698.0,268.0
Bhutan,BTN,81.8,,65.233,7935.467609730878,14.4,22017.749314372704,8.880205921265443,38117.0,453228006.0,,-464.0,65.967954980215,8.51063829787234,84.9,34.4637606688377,70.8986195401706,,,,,,,,
Botswana,BWA,53.2,,49.638,13635.426766614584,9.0,44527.98052475433,12.65344729542548,566730.0,5915267385.0,2.4044300323857697,-1019.0,62.576267720648,7.93650793650794,28.9,64.0187810722889,28.06799489287253,3.52,0.86,51.04,813.0,-245.0,816.0,647.0,0.16
Central African Republic,CAF,10.4,10.0,68.714,980.1855209518516,2.2,2604.696980918851,4.009115057100516,622980.0,103562226.0,2.04840124780659,-86281.0,51.8182444485749,12.5,93.3,38.8030669465007,78.6211913372407,3678.0,387.0,42.84,0.78,-12.0,834.0,502.0,277.0
Canada,CAN,100.0,10.0,61.509,41666.83745902785,83.0,97044.51080316774,3.2444551435018525,8965590.0,451224147362.0,1.19329189549638,227075.0,69.148336286437,24.7557003257329,21.5,81.1031425434213,10.557423080354782,7426.0,922.0,70.86,951.0,249.0,433.0,803.0,248.0
Switzerland,CHE,100.0,11.0,64.548,57493.58105592107,85.193,174800.70487175812,-0.0204530272378917,39512.626,234785156800.0,0.694782257657599,67194.0,67.8789591820399,28.5,20.6,73.65058748615,11.31661078578272,,,,,,,,
Chile,CHL,99.6,12.0,57.091,20121.683421420927,52.2496,33542.59354572108,3.260514866183044,743532.0,80871284753.0,2.2636127813033697,28086.0,68.6502919535999,14.1666666666667,28.8,87.0109164653326,19.93590223650884,6526.0,819.0,68.68,701.0,106.0,753.0,758.0,317.0
China,CHN,99.9,9.0,67.636,10456.791682611338,38.3,15520.523081040166,8.016062928761897,9388211.0,1894592536455.0,1.65908251595704,-416189.0,72.7988185445213,21.3230355943586,11.3,51.8300285339355,39.773124643505895,5037.0,787.0,66.96,824.0,-189.0,,0.71,134.0
Cote d'Ivoire,CIV,55.8,10.0,62.326,3175.9192237075954,2.9,6885.059325097703,5.709320500056791,318000.0,11008854489.0,1.00705786228658,-200010.0,54.3529774247885,11.0236220472441,79.1,47.6797551269623,78.3453576928986,,,,,,,,
Cameroon,CMR,53.7,6.0,72.237,2988.8172872551,5.0,6584.435446561392,2.589044247478938,472710.0,4369324404.0,1.13588889236589,-12669.0,53.363960757113,13.8888888888889,78.6,51.2229843034125,76.6673090708565,4434.0,738.0,50.04,817.0,-35.0,0.87,608.0,272.0
"Congo, Dem. Rep.",COD,13.7,6.0,64.116,643.764679093976,1.2,4785.033960289188,3.0451892669745746,2267050.0,8797285365.0,0.9047591634973812,40891.0,50.8868579478009,,96.2,39.7849692825859,80.7669846578697,4517.0,744.0,50.4,631.0,-24.0,856.0,565.0,208.0
"Congo, Rep.",COG,40.8,10.0,54.614,5175.204390890355,5.6,15699.923117538448,10.953325511461957,341500.0,13652124291.0,,5262.0,56.6438901765051,7.2992700729927,64.3,62.5597508130231,75.69434871809972,4.51,637.0,53.38,745.0,-134.0,833.0,601.0,288.0
Colombia,COL,96.7,10.0,60.569,11707.46146247471,40.3509,17542.027760699417,6.386803372852583,1109500.0,55718059010.0,3.07710698956258,-46385.0,67.0813686126444,12.1212121212121,29.6,76.839003613206,45.38603056331738,6464.0,904.0,67.42,811.0,-76.0,847.0,785.0,286.0
Comoros,COM,69.3,6.0,41.741,2471.787247315021,5.5,3192.5872848389045,3.045631316597877,1861.0,26526272.0,,-3897.0,54.7959302812938,3.03030303030303,69.0,29.1136750253686,60.11784951990613,3838.0,722.0,57.24,0.5,-81.0,732.0,622.0,173.0
Costa Rica,CRI,99.2,13.0,54.85,13614.260399892411,39.2122,30906.625913563217,4.593225141020696,51060.0,10368478560.0,,1695.0,68.0458814885485,38.5964912280702,38.0,72.8426586679914,23.68263407320979,7229.0,892.0,69.36,926.0,-0.04,837.0,794.0,269.0
Cuba,CUB,98.0,9.0,53.196,,16.0173,20041.54721446997,4.323767132237251,106863.0,4034110821.0,3.08450500072474,-35313.0,69.541831839131,45.221843003413,19.2,76.707663902788,14.825546750050885,,,,,,,,
Cyprus,CYP,100.0,10.0,58.759,31722.8984375,56.8599,23585.21160004423,1.6162550223467065,9240.0,1458066746.0,1.7378320909755898,12566.0,71.8255025654333,10.7142857142857,7.6,67.3979892758544,13.41845754501156,6.69,844.0,70.96,745.0,175.0,841.0,682.0,272.0
Czechia,CZE,100.0,9.0,54.354,29237.18709598468,70.49,33065.156917658176,-0.2211334160370626,77230.0,162818987699.0,1.06914296806992,16841.0,69.5092644845973,22.0,12.2,73.2878338394746,14.439152640993033,6331.0,914.0,67.82,787.0,-0.11,0.95,623.0,253.0
Germany,DEU,100.0,13.0,56.282,43398.34439924958,81.27,79114.44748658127,1.229734439876481,348560.0,1472014491098.0,1.18233731589884,295282.0,65.8994933869984,32.9032258064516,12.5,80.3405762928198,7.021800257512227,6621.0,947.0,70.02,906.0,29.0,677.0,686.0,165.0
Djibouti,DJI,58.1,10.0,24.37,,7.0,,,23180.0,1897051601.0,,2090.0,60.3106822728195,13.8461538461538,32.0,70.6776532458676,33.05083028882836,4369.0,633.0,55.08,746.0,-79.0,519.0,543.0,181.0
Denmark,DNK,100.0,10.0,58.26,44443.71638447256,89.81,108863.7642790676,0.6463803433421731,40000.0,111181998866.0,1.3123392890178,13495.0,65.1391017778439,39.1061452513966,23.8,87.1567653955846,6.674124417011918,7788.0,962.0,69.62,935.0,293.0,0.22,778.0,175.0
Dominican Republic,DOM,97.9,15.0,54.617,11694.664185230333,38.0,20629.221153432605,7.966289421361125,48310.0,7780580697.0,0.602928060143009,-36687.0,64.3475774741679,20.7650273224044,16.8,74.2440389501301,43.97931966562502,5397.0,872.0,64.16,848.0,11.0,788.0,738.0,0.3
Algeria,DZA,99.0,10.0,39.006,14639.877943626769,14.9,19436.058550126025,16.90870836304819,2381740.0,73448958037.0,3.9628827473348,-20108.0,67.5684816420113,7.96915167095116,0.2,67.7344007507578,29.534335056846828,5317.0,0.81,65.6,0.53,-185.0,638.0,503.0,255.0
Ecuador,ECU,96.9,15.0,59.643,9768.692010804043,31.3668,23460.08014381776,6.83751222954146,248360.0,21702735144.0,3.10647440690889,-8167.0,63.0970415320431,32.258064516129,13.2,62.7949053547691,45.8688301301088,5795.0,818.0,66.14,788.0,-158.0,702.0,806.0,271.0
"Egypt, Arab Rep.",EGY,99.4,9.0,43.005,8988.107818806533,25.6,18170.478657738862,11.662976350733215,995450.0,30414637845.0,1.83702551137618,126170.0,62.1480040537446,1.96850393700787,5.4,42.8634168470177,17.30562746080227,4174.0,753.0,61.76,0.59,-151.0,859.0,456.0,353.0
Spain,ESP,100.0,10.0,46.673,32015.57520004012,67.09,65531.76885525008,-0.1459587718210144,499880.0,294290193707.0,1.32573618168037,60761.0,67.8223406857849,36.0,14.7,78.695397956495,11.835631213406916,6518.0,944.0,71.12,819.0,-126.0,846.0,667.0,356.0
Estonia,EST,100.0,9.0,53.703,24652.3610297918,76.5,25611.990263621403,5.539174675500178,42390.0,16416803738.999998,1.6724548856907302,-3941.0,66.9955155261488,19.8019801980198,25.2,67.8775556334506,7.703409286956059,5487.0,909.0,67.18,735.0,-171.0,687.0,641.0,205.0
Ethiopia,ETH,23.0,8.0,79.587,1098.1151572878682,1.1,1475.58440707739,20.0618750792177,1128575.1,2903120018.0,1.09070647415251,116793.0,52.0383522399417,27.7879341864717,93.6,17.863790512085,88.44281295247981,,,,,,,,
Finland,FIN,100.0,9.0,55.166,40845.956672984925,88.71,103728.64600564912,2.6009284003848165,303890.0,77549676846.0,1.49199362525613,16798.0,65.6919391690164,42.5,35.1,70.0583261874252,9.95926927196694,7354.0,938.0,69.82,936.0,97.0,0.32,709.0,205.0
France,FRA,100.0,10.0,50.85,37510.375989871376,77.82,70870.5197624045,0.8514783632047624,538950.0,591312449328.0,1.88794614981494,70178.0,64.4012852086265,18.8908145580589,10.6,77.1182717387509,7.189736105939973,6959.0,921.0,71.3,903.0,-106.0,627.0,718.0,281.0
Gabon,GAB,88.7,10.0,39.513,14784.348355188336,18.0,112736.7863306062,12.681227773109953,257670.0,5186191803.0,1.46243422997043,18967.0,58.6804767381534,14.1666666666667,79.7,86.5665383650315,31.41464053882456,4255.0,653.0,54.46,772.0,-211.0,851.0,564.0,264.0
United Kingdom,GBR,100.0,11.0,56.715,37224.37876452561,85.38,86817.12889071066,2.475958187396671,241930.0,485402894254.0,2.4990398782952497,228773.0,65.6678825334919,22.3076923076923,4.0,81.1359685592627,11.66660743199681,6869.0,949.0,69.46,0.9,332.0,438.0,742.0,174.0
Georgia,GEO,100.0,9.0,53.977,8563.83554915647,31.52,13757.120820986856,9.17171128297396,69490.0,2187777002.0,3.0291791684272,-37847.0,67.7397638084288,6.56934306569343,31.5,55.6899257648533,56.921775594870894,4203.0,503.0,63.8,632.0,-258.0,353.0,421.0,247.0
Ghana,GHA,64.1,11.0,68.756,4381.125355236943,9.0,7301.041146052794,13.91482217598208,227540.0,18145922178.0,0.43515452267479,-720.0,57.6207445631147,8.26086956521739,50.1,51.3304086646488,72.7795582862609,5608.0,724.0,54.74,852.0,9.0,0.79,658.0,209.0
Guinea,GIN,29.5,6.0,55.492,1705.271104380486,2.0,6195.989508385837,8.999290642517565,245720.0,2302727250.0,,-29069.0,52.13738445182,,74.8,34.0732054685603,85.3956055722162,4045.0,598.0,51.02,797.0,0.04,743.0,0.67,0.26
"Gambia, The",GMB,48.3,9.0,43.029,2064.253852883,10.8703,2126.194237212062,4.572123503691472,10120.0,96234065.9999999,,-2360.0,53.0717943767553,7.54716981132075,56.2,56.6696692994225,74.4963593253401,,,,,,,,
Greece,GRC,100.0,10.0,42.781,25692.574085132084,51.65,47968.00270340425,0.976657802861098,128900.0,32134144528.0,2.52021146748907,-31786.0,65.8451124997845,18.6666666666667,11.4,76.6352609929407,28.59324254297801,5372.0,852.0,70.08,528.0,-319.0,941.0,552.0,323.0
Guatemala,GTM,84.0,16.0,59.455,6784.447129536215,12.3,11201.457784208518,6.894643403164679,107160.0,10343574089.0,0.459619447723005,-33238.0,57.388835025771,13.2911392405063,67.1,51.8657469899423,34.31213505850654,5743.0,768.0,60.38,763.0,6.0,863.0,792.0,289.0
Guyana,GUY,84.2,6.0,49.672,10066.072975359775,30.0,15214.120694886886,2.4093198298071883,196850.0,1177882428.0,0.878175345601621,-13920.0,63.6643557018467,31.3432835820896,32.8,26.3999996185303,30.77650955112665,,,,,,,,
"Hong Kong SAR, China",HKG,100.0,9.0,57.296,52277.4664432843,72.2,38080.863280935686,3.897872793947045,1050.0,428983633812.0,,21655.0,74.6727743972587,,0.5,100.0,6.6527201639213,5474.0,846.0,,894.0,0.23,245.0,582.0,196.0
Honduras,HND,82.2,12.0,57.055,3900.711361733376,15.9,7326.961308514386,7.807205236642801,111890.0,3957974123.0,1.1313091033042602,-5664.0,59.4687095717002,19.53125,50.9,51.9908892304951,37.66452359137823,4961.0,766.0,62.1,783.0,94.0,884.0,757.0,307.0
Croatia,HRV,100.0,8.0,44.678,20123.063321077985,57.79,24289.416303634527,1.6701865344279838,55964.0,13276276192.0,1.73660237614066,-17463.0,66.9100271349628,23.841059602649,27.2,55.2773793281248,13.92058617664169,5385.0,0.79,67.42,517.0,-203.0,977.0,552.0,273.0
Haiti,HTI,37.8,6.0,56.22,2858.1964597943474,9.0,8993.081320784257,4.320730613283644,27560.0,816351323.0,,-29029.0,60.2227898637642,4.21052631578947,79.0,46.7523749519985,74.2960091125677,4845.0,567.0,33.32,413.0,198.0,682.0,0.55,245.0
Hungary,HUN,100.0,13.0,46.473,22992.218465758368,68.02,24334.89763299615,1.9274596685733911,90530.0,112284082795.0,1.03876980779352,1859.0,68.7322393565328,8.80829015544041,14.7,69.4779934082031,8.884822261014715,4918.0,894.0,65.96,631.0,-93.0,0.94,586.0,305.0
Indonesia,IDN,94.8,9.0,63.465,8936.992155494536,12.28,13033.086941569389,7.465943033675131,1877519.0,203402470482.0,0.653776702606807,-40543.0,66.3459439088059,18.2142857142857,32.4,50.4830017089844,54.10089564705331,5173.0,825.0,61.42,878.0,436.0,962.0,748.0,273.0
India,IND,79.5,8.0,50.012,4454.701532005128,10.07,4459.099193738124,8.733578906180654,2973190.0,291944368835.0,2.70448222276966,-247017.0,64.1076284698584,11.0091743119266,35.0,31.2746502853309,80.9697610878916,4635.0,553.0,57.66,838.0,-0.04,908.0,0.48,232.0
Ireland,IRL,100.0,10.0,52.419,45525.71812390423,74.89,204631.10578709724,1.8679120614553568,68890.0,127258681772.0,0.5395082282297881,-26529.0,66.9266273655847,15.0602409638554,7.0,62.0872735820277,13.308936009729289,7007.0,977.0,70.22,952.0,378.0,0.59,786.0,0.19
"Iran, Islamic Rep.",IRN,99.5,8.0,35.543,19275.43768800626,19.0,21739.655788929093,33.40953315609843,1628760.0,111895134063.0,2.38163454250427,-65924.0,71.3834100127465,2.75862068965517,0.9,71.204050944517,40.176175131327525,4768.0,582.0,65.14,798.0,191.0,665.0,513.0,359.0
Iraq,IRQ,98.0,6.0,37.762,12912.029979014613,5.0,30641.459063455262,24.68943742356433,434320.0,74550977043.0,2.30344021962536,261880.0,55.9199937154523,25.2307692307692,1.1,69.1252233869916,29.92250908947096,4725.0,751.0,60.88,347.0,-65.0,0.78,473.0,557.0
Iceland,ISL,100.0,10.0,68.973,40936.86783051303,94.8197,92702.10729527874,3.452658739553158,100250.0,5334922844.0,,-1393.0,66.7158618398995,39.6825396825397,77.1,93.41106112427,11.533340984735425,,,,,,,,
Israel,ISR,100.0,13.0,58.536,31313.93349970288,68.8739,100062.16189769324,1.445386892563306,21640.0,64161800000.0,5.63236402188698,10470.0,61.8620075096816,20.0,9.1,91.7304024673781,7.960007806952126,7433.0,893.0,71.48,722.0,138.0,891.0,654.0,384.0
Italy,ITA,100.0,12.0,43.879,36392.28277594927,54.39,64044.73975987281,1.728783708857378,295718.0,517395775204.0,1.46829220552997,198544.0,65.3052108613489,21.5873015873016,11.9,68.4015073889511,17.3180731941436,6057.0,913.0,71.2,568.0,-22.0,933.0,0.61,266.0
Jamaica,JAM,91.1,6.0,55.93,8809.361000779312,37.4386,14152.23194753064,5.796188469351776,10830.0,1731067134.0,0.925165752936644,-11577.0,67.7406231892957,12.6984126984127,9.8,53.956586109128,37.00087205374799,5374.0,855.0,66.6,796.0,-69.0,909.0,764.0,237.0
Jordan,JOR,99.6,10.0,33.969,9631.928992553598,34.9,23193.502892801927,5.9105109580173405,88780.0,6620229709.0,5.40164163067694,7057.0,60.969879514851,10.8333333333333,3.0,83.5505043825064,10.04072436022232,5539.0,878.0,66.88,0.76,-153.0,,551.0,0.26
Japan,JPN,100.0,9.0,56.553,36214.4397740241,79.0541,74491.40871987231,-1.62208025011698,364500.0,819952393961.0,0.9748235654279912,97720.0,63.0577639232849,10.8333333333333,4.8,90.8631654434251,9.39869506833897,6263.0,917.0,73.12,814.0,-57.0,734.0,714.0,181.0
Kazakhstan,KAZ,99.8,9.0,67.008,20159.932942641302,50.6,33299.38659949537,20.542958265529904,2699700.0,87706530134.0,0.93651358475802,-3160.0,67.8924077269999,17.7570093457944,1.4,54.3996086425518,30.36041390519117,5736.0,905.0,61.0,878.0,-239.0,802.0,622.0,154.0
Kenya,KEN,36.2,8.0,71.83,2750.2866378769336,8.8,6336.627204048311,10.065012967231551,569140.0,5616864200.0,1.37974304585955,-44795.0,54.4379122999773,9.82142857142857,74.7,31.8673949025409,60.36979466167431,4405.0,846.0,54.02,709.0,12.0,923.0,706.0,228.0
Kyrgyz Republic,KGZ,98.3,9.0,60.992,3278.351022200858,17.5,2353.740435737377,22.48184224489364,191800.0,1978932409.0,3.39883593465625,-10170.0,65.1866240894015,23.3333333333333,26.0,35.2466507961984,35.8838879005957,4921.0,891.0,62.02,748.0,-157.0,932.0,579.0,151.0
Cambodia,KHM,37.4,,84.946,3223.102093516378,3.1,3599.2851271785016,4.9507672315141065,176520.0,6694122116.0,1.1985526648033,-50941.0,63.2302352630489,20.3252032520325,64.0,22.3824788531276,56.6315771694773,4161.0,716.0,59.34,927.0,417.0,775.0,637.0,308.0
"Korea, Rep.",KOR,100.0,9.0,58.822,33944.251187976944,83.7591,76818.01316532458,1.275258163338961,97190.0,546748094624.0,2.37114288990647,269958.0,72.8572203956821,14.7157190635452,1.4,81.9615408086376,20.861607882562367,6947.0,809.0,71.12,682.0,-52.0,827.0,587.0,168.0
Kuwait,KWT,100.0,9.0,68.272,79036.78574411818,65.7691,148827.5289886771,17.227537130127658,17820.0,8015215840.0,3.5013972656874803,176732.0,75.6588364871268,7.69230769230769,0.0,100.0,0.7218420390816338,6378.0,882.0,69.4,769.0,,0.56,726.0,177.0
Lao PDR,LAO,70.0,5.0,59.966,4099.784573307413,9.0,20553.40582927496,10.468717599392876,230800.0,2613234955.0,0.212126552452257,-30538.0,60.5671281348273,25.0,63.6,31.2146877128668,81.8062795070503,4704.0,691.0,57.78,882.0,457.0,587.0,746.0,225.0
Lebanon,LBN,99.7,9.0,41.895,14974.553438992973,52.0,21326.23329531632,2.965080620839757,10230.0,5124054163.0,4.0737567694293295,2246.0,67.8203413820647,3.125,6.2,87.8270813653079,20.33436888253909,5188.0,733.0,65.46,657.0,0.0,911.0,506.0,0.32
Liberia,LBR,4.1,6.0,75.319,1040.761414040184,2.5,2690.7613244240683,10.923445358978242,96320.0,20124830.0,0.535918803418803,91981.0,54.0719374932853,9.58904109589041,87.1,48.6583302770849,78.2650683856638,,,,,,,,
Libya,LBY,80.3,9.0,39.472,15698.051907261164,14.0,40831.91621571026,24.34275335119053,1759540.0,18308403101.0,,-562827.0,65.0988703971795,,3.2,88.0970458984375,18.70373465024752,,,,,,,,
Sri Lanka,LKA,87.8,9.0,50.69,9075.545495894998,,10317.257875864358,3.9799293433703866,62710.0,10046336999.0,2.68531865302989,-90839.0,67.0063893423443,5.77777777777778,56.4,17.7881192817964,42.0517276431325,4181.0,842.0,64.68,823.0,139.0,0.76,0.73,175.0
Lesotho,LSO,22.5,7.0,55.699,2278.501427910658,7.0,4123.395486514937,9.42640700324388,30360.0,751369361.0,2.2555229575619897,-6118.0,59.3528132198019,24.1666666666667,42.3,28.6150355175921,34.154362925037304,4898.0,824.0,41.52,618.0,-89.0,768.0,754.0,0.17
Lithuania,LTU,99.7,10.0,48.569,21557.65674580519,63.64,31306.885640194258,5.622279040025575,62674.0,27977935797.0,0.7970824430592761,-38518.0,67.1777759104206,19.1489361702128,22.7,66.7518340055756,9.80029981369405,5432.0,911.0,64.5,566.0,-152.0,964.0,556.0,275.0
Luxembourg,LUX,100.0,12.0,53.973,94475.03022650236,90.0299,179018.25443912778,3.4494618243641213,2574.46,20662965239.0,0.3767755888043589,10918.0,68.6826049396048,25.0,3.8,88.9562814837254,5.532450239507493,7101.0,934.0,70.7,962.0,98.0,388.0,744.0,0.2
Latvia,LVA,99.8,11.0,49.017,17680.49396305072,69.75,24289.22001500475,4.708107097444895,62227.0,13003319760.0,1.1073762662641,-20202.0,67.2837068431312,23.0,35.5,67.8266897008267,9.51540669944868,4967.0,836.0,64.6,564.0,-4.0,934.0,563.0,222.0
Morocco,MAR,96.1,9.0,44.78,7274.1474609375,46.1075,11589.79112881395,-0.5988449071711415,446300.0,19653864447.0,3.2974952352035203,-67447.0,65.7630625364839,16.9620253164557,11.8,58.902576690412,40.77916876996862,5085.0,833.0,62.66,579.0,-215.0,875.0,687.0,187.0
Moldova,MDA,99.4,9.0,62.671,6832.941565029611,32.07,7872.319451629878,8.190798598622422,32850.0,2193558995.0,0.272949600366091,-82271.0,72.0969137534275,19.8019801980198,20.4,39.3469161987305,55.12072454265577,5792.0,869.0,61.38,628.0,-85.0,957.0,553.0,285.0
Madagascar,MDG,14.3,5.0,84.26,1475.170551781138,1.9,2106.403873065823,10.386187135887496,581795.0,1403775706.0,0.623191026336477,-2219.0,53.6783158068713,12.5,84.5,28.1336807024963,86.1541324397767,4381.0,818.0,55.34,546.0,-61.0,897.0,516.0,235.0
Maldives,MDV,99.1,7.0,48.106,13726.326209344585,34.0,13975.815334705629,12.348655793490408,300.0,121993067.0,,6611.0,70.7806804861992,6.49350649350649,1.3,37.1274623517731,25.68318957538968,,,,,,,,
Mexico,MEX,99.0,11.0,57.394,17266.8129106549,37.1763,32434.014413641828,5.669633673752685,1943950.0,348800066000.0,0.447386999972132,-37826.0,64.4415301032565,26.2,9.1,76.5667802279537,27.03839433615465,6.91,824.0,65.24,831.0,-104.0,698.0,0.7,228.0
North Macedonia,MKD,99.7,13.0,37.349,11794.989837406489,56.7,11770.54767164428,3.722172340105743,25220.0,4773622263.0,1.26218709982742,-17871.0,69.1461987100366,30.8943089430894,18.6,58.2409503926967,21.9425813123438,4898.0,784.0,64.98,607.0,-92.0,865.0,503.0,363.0
Mali,MLI,28.8,9.0,69.476,2046.225670643883,2.2,7964.188627608694,12.485597881920569,1220190.0,2375254404.0,1.2410333300729,-43160.0,49.8881006999281,10.2040816326531,83.6,23.6379674039304,81.9149855991476,4667.0,796.0,51.64,823.0,-0.1,726.0,752.0,132.0
Malta,MLT,100.0,11.0,48.1,27943.357637362453,68.0198,30096.206928968848,1.482633521145743,320.0,3363128176.0,0.571705680644883,999.0,69.2825611092991,8.69565217391304,2.0,94.3155916422812,10.60038548948534,6155.0,923.0,70.58,882.0,0.29,,638.0,0.34
Myanmar,MMR,54.1,5.0,64.785,3579.4048297062623,0.98,3719.397823494063,10.254576668224672,653290.0,8123744076.0,,-82713.0,66.8368460265537,3.54430379746835,83.8,29.2724765136213,64.82739749138639,,,,,,,,
Montenegro,MNE,99.0,9.0,38.73,13624.581865188971,35.6115,15482.546541815433,0.3424770453764836,13450.0,629085918.0,1.7489693026788902,0.0,67.6701373110738,12.3456790123457,42.8,64.4210914835811,13.688511787497582,5223.0,818.0,66.28,546.0,-0.23,762.0,0.51,378.0
Mongolia,MNG,72.1,12.0,56.953,8861.820528693042,12.5,11846.2301583507,15.119265488084665,1557251.947,4817506300.0,0.837270236688781,-505.0,68.1901609019881,3.94736842105263,4.0,67.9196058798676,50.72075401958973,5031.0,948.0,58.22,0.7,148.0,931.0,561.0,153.0
Mozambique,MOZ,20.2,,78.938,1063.6554329631088,4.6,3680.371947279893,2.348362290449984,786380.0,3602577957.0,0.813112431836901,-63638.0,51.4582897004821,39.2,85.4,31.2062230032794,85.1498804682842,4971.0,818.0,46.92,639.0,-27.0,719.0,565.0,243.0
Mauritania,MRT,35.3,9.0,39.389,3270.862513418881,4.5,11832.390392146464,17.547765580992518,1030700.0,2457998802.0,,3272.0,52.4182788597103,22.1052631578947,33.3,47.1350407023691,54.4102082302176,4785.0,0.75,57.7,567.0,0.05,747.0,729.0,175.0
Mauritius,MUS,99.6,11.0,54.075,16883.565820961012,34.95,15191.818058102614,3.1341082069998265,1997.0,2171257032.0,0.152035252096647,-2465.0,72.0105934459953,18.8405797101449,12.0,40.1665923228716,16.9773380897825,5477.0,0.8,63.52,848.0,186.0,847.0,653.0,253.0
Malawi,MWI,7.6,8.0,69.836,1516.211183191502,3.33,3411.794774637648,13.99023774320149,94280.0,1431540754.0,0.4685577735320629,-12170.0,50.3256873679682,22.279792746114,80.2,15.5523153908723,61.52160730705701,3946.0,613.0,50.66,733.0,73.0,853.0,0.62,268.0
Malaysia,MYS,99.5,6.0,60.048,21324.359499649818,61.0,26443.50260063963,5.41240809007968,328550.0,228170157650.0,1.55285313376988,122269.0,67.5007412890436,10.4072398190045,2.2,71.4245166681964,23.63156151693767,5786.0,0.77,65.48,0.84,-19.0,842.0,785.0,155.0
Namibia,NAM,42.3,7.0,46.099,9002.230045370574,12.0,30393.369799256536,3.8148763624349584,823290.0,5635093642.0,3.5745889549471,-4067.0,59.8546119529894,24.3589743589744,31.6,42.6276075621535,32.1891919501481,,,,,,,,
Niger,NER,14.3,,79.265,1064.4191739036075,0.9,3195.316998487563,3.971605182561589,1266700.0,1075394085.0,0.976041978774068,-6941.0,48.1350185019658,13.2743362831858,77.2,16.2303066053496,85.0449478824275,4556.0,818.0,52.34,0.78,-56.0,549.0,0.71,166.0
Nigeria,NGA,55.9,9.0,78.061,6585.361932710349,13.8,10189.44623560825,9.778458096759437,910770.0,139212776639.0,0.579227031040921,67808.0,52.534972840043,6.81818181818182,84.1,52.490352424079,68.98622180921569,,,,,,,,
Nicaragua,NIC,81.2,7.0,59.736,4324.710072442375,10.6,5740.545403284573,10.21482765243536,120340.0,2258109869.0,0.526411336509848,-28221.0,61.8022766942582,40.2173913043478,53.3,57.0362425004184,41.342207128488,5386.0,0.8,64.8,779.0,-21.0,0.76,747.0,309.0
Netherlands,NLD,100.0,13.0,63.081,47004.13707390621,91.42,95203.03207499727,0.2426558381901458,33720.0,661937988304.0,1.27726127378573,31224.0,66.8305287911613,40.6666666666667,4.7,88.0059204972573,11.147125585724206,7564.0,938.0,70.94,925.0,332.0,359.0,0.77,181.0
Norway,NOR,100.0,10.0,64.996,62460.09081570024,93.49,223547.4322688112,6.672789995064335,365244.0,160215385848.0,1.44252755140788,47454.0,66.127471447423,39.6449704142012,56.0,79.311620451463,5.598213433605008,,,,,,,,
Nepal,NPL,67.3,,36.496,2247.997429322052,9.0,1473.3339699330506,26.39730666496753,143350.0,907628088.0,1.35067285523943,-347552.0,59.8406764748697,33.1649831649832,87.0,63.139949798584,81.2026452218337,3809.0,741.0,59.96,525.0,-21.0,935.0,0.53,207.0
New Zealand,NZL,100.0,10.0,63.495,32738.98844456012,81.23,74770.42126751073,2.4727034528576866,263310.0,36689997456.0,1.16234930052697,-2196.0,65.9465094637427,32.2314049586777,30.3,85.8233151875134,14.22182898667981,7191.0,954.0,69.82,935.0,279.0,269.0,784.0,0.21
Oman,OMN,100.0,,60.28,52393.31358202932,48.0,71302.18490819407,15.884491777402005,309500.0,45278598436.0,6.45275108066004,492609.0,71.8894175469479,1.19047619047619,0.0,75.6585803514688,3.067700783255067,6853.0,,62.34,916.0,0.01,,,295.0
Pakistan,PAK,87.8,12.0,50.37,3879.597769344898,8.0,3620.0089164449582,16.410956267514436,770880.0,25343327911.0,2.91924318438144,-890633.0,57.1395797438826,22.5146198830409,46.8,35.0113675889897,59.2211394049988,5267.0,0.51,54.76,376.0,25.0,857.0,473.0,358.0
Panama,PAN,88.6,11.0,60.467,17473.765116548864,42.7,30770.504283805123,5.487703138298542,74340.0,740698714.0,,5167.0,64.6143114215781,8.45070422535211,19.7,65.1896678664818,30.75394525284393,7248.0,876.0,67.66,829.0,5.0,0.84,853.0,0.18
Peru,PER,89.7,12.0,75.917,10462.577043466255,36.01,19410.854402598725,6.745787124756902,1280000.0,45551674395.0,1.37118305528699,-148339.0,63.7051205709866,21.5384615384615,30.6,78.0118164985462,53.320510988175,5892.0,756.0,67.76,773.0,-126.0,824.0,742.0,331.0
Philippines,PHL,87.2,10.0,59.995,5705.435911749043,29.0,11535.391447731714,3.91880577530506,298170.0,47890976239.0,1.15341455205701,-240005.0,61.3850819239797,22.887323943662,33.8,46.6833632464759,38.4180207411066,4994.0,789.0,61.66,883.0,71.0,783.0,808.0,358.0
Poland,POL,100.0,10.0,50.996,22808.50552688992,61.95,26526.166619864405,3.065714546497574,306230.0,188385243884.0,1.79131485643585,45951.0,71.1217900505102,23.695652173913,10.4,60.7357090652544,23.604045067427226,5646.0,905.0,67.28,868.0,-0.07,908.0,659.0,224.0
Portugal,PRT,100.0,12.0,52.784,26803.23369046455,55.25,31942.857784254167,-0.2604353880338834,91590.0,58015087602.0,1.48992161044294,-31513.0,66.0859174471284,28.695652173913,27.2,61.1410698395502,14.47648597675976,5.22,856.0,69.54,875.0,-177.0,962.0,671.0,279.0
Paraguay,PRY,98.2,13.0,64.745,11441.763677225486,24.7635,23201.75981905355,5.095710538665955,397300.0,7743545226.0,0.844603850849582,-20427.0,62.9391125069781,12.5,62.5,59.693499539898,41.46416215821569,5677.0,869.0,65.28,666.0,182.0,756.0,823.0,0.19
West Bank and Gaza,PSE,99.7,10.0,34.083,4494.7313227255,41.08,13694.06767975471,5.419824737387842,6020.0,745661514.0,,-26662.0,55.5841937652875,,15.4,84.2340950604341,27.018190320090213,4751.0,751.0,,522.0,-128.0,0.75,499.0,388.0
Qatar,QAT,100.0,9.0,85.971,174619.91770681477,69.0,127838.3570284218,19.700436658038043,11610.0,114312656411.0,,77228.0,84.9067616444408,0.0,0.1,98.6300610210909,0.3974210657858705,6592.0,857.0,65.04,905.0,2.0,,661.0,328.0
Romania,ROU,97.4,10.0,46.325,17856.453325848233,40.01,22327.76015102506,3.982549457923028,230170.0,62983859703.0,1.23556866931776,-102769.0,68.173303919419,11.2121212121212,21.1,53.9608874244169,22.89086657966536,5023.0,753.0,65.58,0.65,-146.0,964.0,501.0,294.0
Russian Federation,RUS,99.2,9.0,58.803,22789.54296875,58.0,20251.843232079977,24.460086062189816,16376870.0,416596343776.0,3.43304383760131,309377.0,72.0292797017845,13.5555555555556,3.2,73.8534851074219,5.860163360195446,5389.0,883.0,60.94,626.0,-282.0,935.0,564.0,165.0
Rwanda,RWA,10.8,6.0,53.765,1412.9075215531846,7.0,2917.1890735434004,7.191477378759075,24670.0,399957666.0,1.0949310428260302,-27915.0,55.0742533408022,56.25,89.7,16.9323586881273,43.74759340332462,4097.0,0.57,56.5,829.0,-38.0,161.0,608.0,154.0
Saudi Arabia,SAU,100.0,9.0,50.291,64125.2177225838,47.5,111357.51648765402,15.30400526860612,2149690.0,458537979223.0,7.17239914861776,491253.0,70.7168832641369,0.0,0.0,82.2543876159947,2.8990083982027093,6.7,0.83,62.4,603.0,-142.0,,699.0,0.24
Sudan,SDN,38.3,8.0,40.278,4112.21875,,7740.702679382151,26.328349965047693,,9252447000.0,,-347024.0,52.7913848960646,24.5762711864407,63.7,32.9059760141986,39.2664544230272,4314.0,818.0,57.94,583.0,-0.05,663.0,532.0,249.0
Senegal,SEN,56.5,11.0,46.133,2684.9498972231845,9.8,6746.705996600931,3.8574703835547552,192530.0,2143323190.0,1.29386015954483,-43350.0,53.7310989404075,22.6666666666667,48.0,44.0689668509475,66.4020296201262,3834.0,602.0,57.0,641.0,-165.0,0.87,696.0,0.18
Singapore,SGP,100.0,6.0,64.755,80052.39149826506,71.0,118320.78190963012,1.170798203550973,704.0,402317582837.0,3.19387456850782,89856.0,78.7713862675959,22.2222222222222,0.5,100.0,9.58980117120697,6561.0,904.0,72.48,822.0,-153.0,99.0,404.0,144.0
Sierra Leone,SLE,14.2,9.0,57.156,2042.700091013986,0.9,9577.70307558514,15.342557750266678,72180.0,53030260.0,0.530893039714345,6895.0,53.7116985069163,12.9032258064516,81.0,39.0472153491602,87.82052946068458,4502.0,782.0,48.18,0.77,4.0,855.0,495.0,0.3
El Salvador,SLV,92.6,9.0,57.019,6593.678068080219,18.9,10980.43508121347,5.95334315490372,20720.0,5306712206.0,1.08806149544119,-53433.0,61.9201865576859,19.047619047619,29.5,66.334413642034,37.93537650927519,4741.0,731.0,64.22,747.0,-0.13,707.0,0.83,336.0
"Somalia, Fed. Rep.",SOM,52.0,,27.894,881.3831130509407,1.25,,-2.8877980560098138,627340.0,447161232.0,,-326192.0,49.3125624046975,6.77655677655678,93.7,39.380318284448,48.1335077945999,4931.0,788.0,,858.0,,357.0,691.0,122.0
Serbia,SRB,99.7,8.0,38.327,13577.881750274531,42.2,17053.27697647671,11.00231518233339,87460.0,11783888589.0,1.92573079525961,611.0,68.2442167761947,22.0,17.4,59.4349187787267,28.56434298110223,4815.0,773.0,65.84,0.44,-188.0,977.0,458.0,0.41
South Sudan,SSD,2.8,8.0,64.357,2718.0484785075187,,155159.94145561726,38.83334297219309,,,6.09441532228387,194325.0,55.2820834227165,26.5060240963855,,17.7817678106789,80.7741314107578,,,,,,,,
Suriname,SUR,94.6,6.0,49.313,13926.222622303509,32.0,30934.404506802297,13.844446845950555,160507.61,727906393.0,,-1060.0,64.0511731295229,11.7647058823529,21.2,66.3675227342307,18.06446569559889,,,,,,,,
Slovak Republic,SVK,100.0,10.0,50.784,26201.6502820886,74.44,25926.92597289048,1.6197705120554249,48088.0,79727849223.99991,1.06939130819127,-2392.0,71.947544218498,16.0,10.4,54.4167387988534,12.867708902133254,5945.0,917.0,66.72,727.0,8.0,907.0,588.0,287.0
Slovenia,SVN,100.0,9.0,53.408,28715.63399549628,67.34,44688.69475230913,1.3645204070481043,20146.0,34664519724.0,1.30187924610493,2190.0,69.2279739789653,32.2222222222222,19.1,49.9463818748723,14.81569927665632,6036.0,931.0,69.36,907.0,-29.0,893.0,587.0,285.0
Sweden,SWE,100.0,9.0,58.573,44332.52173890775,92.77,123305.14977422048,1.117317136462944,407339.7,184393188452.0,1.10855139297702,46049.0,64.6999145647294,44.6991404011461,45.4,85.3600748880524,7.819025149801339,7382.0,921.0,71.24,941.0,158.0,269.0,762.0,179.0
Eswatini,SWZ,51.2,7.0,38.212,7570.996614243801,18.13,19289.371709590083,5.476499433374627,17200.0,2489367447.0,2.21867209215692,-11596.0,58.5969645747779,13.6363636363636,69.3,22.4634753665393,34.53591216870534,4867.0,837.0,42.5,607.0,-67.0,917.0,756.0,251.0
Syrian Arab Republic,SYR,91.5,9.0,39.656,,22.5,5723.958477127394,11.574077815584658,183630.0,9495493361.0,,-256888.0,60.44733045553,12.4,1.6,58.4817704183521,32.93565337164085,4038.0,576.0,63.34,0.53,128.0,741.0,521.0,496.0
Chad,TCD,9.0,10.0,63.055,2388.165121494407,1.9,17021.872347992477,8.174343402666977,1259200.0,3683923081.0,3.75931302180558,29256.0,49.0667735946939,12.7659574468085,80.7,21.9558736797638,90.2648038182054,4393.0,819.0,48.98,0.54,29.0,876.0,579.0,289.0
Togo,TGO,39.7,10.0,57.031,1615.9814643698462,3.5,2349.821509939888,2.8195911910041502,54390.0,981210602.0,1.52606374846498,-1968.0,55.6281567746803,11.1111111111111,69.1,37.9872305648732,81.29131689031661,2936.0,303.0,52.44,584.0,-0.09,832.0,479.0,395.0
Thailand,THA,99.3,9.0,72.743,13227.45410891502,23.6699,16525.494261415566,3.7430981204437046,510890.0,218997112905.0,1.39063450331731,66607.0,71.4681993799836,15.8,23.0,44.8048723557374,55.381129475268594,6664.0,884.0,67.28,927.0,398.0,923.0,834.0,117.0
Tajikistan,TJK,98.9,9.0,38.767,2455.9727826339936,13.03,6264.199184189052,13.32435556931469,139960.0,1196135134.0,1.09380663999495,-30783.0,60.1881418985862,19.047619047619,60.0,26.4792213439941,31.1958457916342,4263.0,751.0,61.0,776.0,-124.0,672.0,573.0,166.0
Turkmenistan,TKM,99.8,10.0,43.675,10282.72661905284,5.0,,12.857454367120354,469930.0,7091920948.0,,6992.0,66.3707765944325,16.8,0.1,46.9397537877858,33.03998407861301,5792.0,964.0,60.42,,18.0,,577.0,122.0
Trinidad and Tobago,TTO,97.5,6.0,60.633,31077.796969851992,55.2,56672.26836183468,15.729703251458105,5130.0,15224807204.0,0.566437190906244,-1410.0,73.3726862621265,28.5714285714286,0.4,53.9253615474727,17.332709696613616,6519.0,863.0,63.68,775.0,78.0,0.9,827.0,134.0
Tunisia,TUN,99.5,9.0,38.899,10435.995667537263,39.1,10737.321667196304,4.571114060390286,155360.0,17160819739.999998,1.48625780102894,-21935.0,69.2853931993883,26.7281105990783,13.2,66.9191886197857,21.34590530359755,4876.0,715.0,66.38,603.0,-204.0,913.0,513.0,248.0
Turkiye,TUR,100.0,8.0,44.983,19717.243831711137,43.0657,26331.872159893825,8.33655636534398,769630.0,131141942409.00002,2.0275060358965,68849.0,67.2385009847645,14.1818181818182,12.7,71.0028723528334,31.7790811091608,5272.0,692.0,67.06,446.0,-245.0,649.0,512.0,0.38
,,,,,,,,,,,,,,,,,,6309.0,863.0,,761.0,32.0,755.0,727.0,112.0
Tanzania,TZA,14.2,7.0,82.773,2211.466796875,3.2,5458.3494701576265,12.198422878403363,885800.0,4734407724.0,0.903150747306732,-84546.0,51.9194028890295,36.0,87.6,28.865726405543,86.7450956484371,4074.0,883.0,54.06,736.0,-47.0,816.0,0.72,145.0
Uganda,UGA,14.6,7.0,77.332,2267.7227035709348,4.6,5046.475235744757,9.391655492037316,200520.0,2039550953.0,2.538786699798,-173005.0,48.782405011779,34.9740932642487,93.3,20.0561028736631,76.97800823391589,4826.0,882.0,52.94,733.0,29.0,0.83,618.0,254.0
Ukraine,UKR,100.0,11.0,51.849,9126.6083984375,28.7083,5320.638128233545,14.181908662636516,579320.0,68053519306.0,2.25828771122262,26457.0,71.1659513650314,8.0,2.7,68.7234299826222,18.5191088469257,5083.0,859.0,62.52,579.0,-233.0,933.0,539.0,0.22
Uruguay,URY,99.2,14.0,61.853,19135.363696418583,51.4047,43959.73177239455,9.875420245683358,175020.0,6900374833.0,1.71974893241654,-6982.0,63.713595351964,12.1212121212121,49.7,94.6036824756941,22.70998110071956,6554.0,891.0,67.18,851.0,-0.09,556.0,702.0,252.0
United States,USA,100.0,12.0,57.574,50024.8812320773,69.7295,,2.063128569658801,9147420.0,1478992650802.0,4.822441976004519,1624033.0,67.3349668036885,16.8202764976959,8.4,80.6957554256024,4.072598876695153,7115.0,922.0,66.68,863.0,156.0,697.0,737.0,273.0
Uzbekistan,UZB,99.7,12.0,52.795,5949.484123528995,18.6,5680.060281028172,21.62650993614916,435809.0,8107329668.0,,-20380.0,66.7288868092367,22.0,0.9,51.3395500183105,35.95690968267867,5739.0,924.0,62.54,934.0,35.0,522.0,663.0,123.0
"Venezuela, RB",VEN,98.8,14.0,59.234,21241.435072554308,40.22,,28.14919095288528,882050.0,85025719150.0,1.13040534078431,-54384.0,64.5669331537995,16.969696969697,14.8,88.8079278904659,33.00500222708922,6.58,931.0,65.26,766.0,-232.0,772.0,823.0,199.0
Viet Nam,VNM,99.0,9.0,75.609,5786.12348870721,35.07,5817.276611978335,21.41367928181772,313284.0,93386148901.0,1.55654936250578,-4602.0,69.7206595346669,24.4,36.3,30.6996041680996,62.4408821880805,5767.0,898.0,64.58,818.0,87.0,742.0,494.0,193.0
Kosovo,XKX,,,,7776.47393102774,,,6.303766065155287,,427035088.0,0.804774182927632,-9064.0,65.4783701991519,,,38.0255184272137,,4.86,759.0,,589.0,6.0,919.0,604.0,124.0
"Yemen, Rep.",YEM,62.0,9.0,33.743,3113.382927252788,14.905,37272.76443557854,18.11366668063465,527970.0,6879065824.0,4.92646180284206,27184.0,54.1963820153412,0.332225913621262,0.9,30.9237389467026,41.8553555288121,3746.0,663.0,58.56,638.0,-0.17,754.0,416.0,285.0
South Africa,ZAF,83.6,9.0,39.317,13143.193336109698,33.97,22407.88165236816,5.53905643151262,1213090.0,97860116310.0001,1.0026534040547102,65166.0,65.6335917560843,42.25,9.0,62.850627754452,10.136971199772582,4931.0,858.0,50.5,835.0,-163.0,819.0,0.72,0.23
Zambia,ZMB,28.3,7.0,52.793,3228.487142550391,3.5,19069.55113806445,11.107413268617506,743390.0,8822293564.0,1.3176391076812,13569.0,52.0985942763907,11.4649681528662,87.9,40.3684491825881,80.07282108696184,4999.0,864.0,50.06,663.0,2.0,882.0,771.0,204.0
Zimbabwe,ZWE,36.9,7.0,62.469,3047.3170887374945,8.4,6608.580018519261,2.552752533628848,386850.0,3119179317.0,1.407162104666,-108714.0,53.533490386177,14.9532710280374,77.2,32.7567295776968,68.24360559233202,4846.0,865.0,46.4,633.0,-73.0,0.83,699.0,211.0
